InventoryItem,Parent
BUTTER,BREAKFAST ZARI STAFF
jelly,BREAKFAST ZARI STAFF
BREAD SLICE LARGE,BREAKFAST ZARI STAFF
EGG ,BREAKFAST ZARI STAFF
EVA (Cooking Oil  liter Pkt),BREAKFAST ZARI STAFF
CHANNA DAAL BROKEN,CHANNA DAAL FRY
ONION,CHANNA DAAL FRY
TOMATO,CHANNA DAAL FRY
GARLIC PASTE  LEHSAN PASTE,CHANNA DAAL FRY
GINGER PASTE  ADRAK PASTE,CHANNA DAAL FRY
CORIANDER - KOTHMIR DHANIA,CHANNA DAAL FRY
CHICKEN POWDER,CHANNA DAAL FRY
GINGER - ADRAK,CHANNA DAAL FRY
BHAJIA CHILLIES - BIG PAKORA MIRCH,CHANNA DAAL FRY
SALT,CHANNA DAAL FRY
EVA (Cooking Oil  liter Pkt),CHANNA DAAL FRY
CUMMIN SEEDS - ZEERA,CHANNA DAAL FRY
CUMMIN POWDER - ZEERA,CHANNA DAAL FRY
TURMERIC POWDER - HALDI,CHANNA DAAL FRY
CORIANDER POWDER - DHANIA,CHANNA DAAL FRY
BASMATI RICE,CHICKEN BIRYANI
CUMMIN SEEDS - ZEERA,CHICKEN BIRYANI
CUMMIN POWDER - ZEERA,CHICKEN BIRYANI
TURMERIC POWDER - HALDI,CHICKEN BIRYANI
CORIANDER POWDER - DHANIA,CHICKEN BIRYANI
GARAM MASALA POWDER,CHICKEN BIRYANI
PODINA MINT LEAVES,CHICKEN BIRYANI
CHICKEN KARAHI CUT MEAT,CHICKEN BIRYANI
SALT,CHICKEN BIRYANI
VINEGAR,CHICKEN BIRYANI
007 BIRYANI MASALA,CHICKEN BIRYANI
POTATO (BIG SIZE),CHICKEN BIRYANI
TOMATO,CHICKEN BIRYANI
GINGER PASTE  ADRAK PASTE,CHICKEN BIRYANI
GARLIC PASTE  LEHSAN PASTE,CHICKEN BIRYANI
GREEN CHILLIES SMALL PASTE CHOTI MIRCH,CHICKEN BIRYANI
CORIANDER - KOTHMIR DHANIA,CHICKEN BIRYANI
GARAM MASALA WHOLE,CHICKEN BIRYANI
ONION BIRISTA,CHICKEN BIRYANI
Alubukhara (Plam),CHICKEN BIRYANI
Tez Pattak,CHICKEN BIRYANI
EVA (Cooking Oil  liter Pkt),CHICKEN BIRYANI
 DAHI CURD,CHICKEN BIRYANI
CUMMIN SEEDS - ZEERA,CHICKEN KOFTA
CUMMIN POWDER - ZEERA,CHICKEN KOFTA
TURMERIC POWDER - HALDI,CHICKEN KOFTA
CORIANDER POWDER - DHANIA,CHICKEN KOFTA
GARAM MASALA POWDER,CHICKEN KOFTA
CHICKEN POWDER,CHICKEN KOFTA
GREEN CHILLIES SMALL PASTE CHOTI MIRCH,CHICKEN KOFTA
PODINA MINT LEAVES,CHICKEN KOFTA
CHICKEN QEEMA,CHICKEN KOFTA
 DAHI CURD,CHICKEN KOFTA
EVA (Cooking Oil  liter Pkt),CHICKEN KOFTA
BREAD SLICE MEDIUM,CHICKEN KOFTA
SALT,CHICKEN KOFTA
ONION BIRISTA,CHICKEN KOFTA
ONION,CHICKEN KOFTA
TOMATO,CHICKEN KOFTA
GINGER PASTE  ADRAK PASTE,CHICKEN KOFTA
GARLIC PASTE  LEHSAN PASTE,CHICKEN KOFTA
chicken tikka pizza bread,Chicken Tikka Pizza
SALT,Chicken Tikka Pizza
CHICKEN BONELESS,Chicken Tikka Pizza
EVA (Cooking Oil  liter Pkt),Chicken Tikka Pizza
CUMMIN SEEDS - ZEERA,Chicken Tikka Pizza
CHEESE - CHEDDAR,Chicken Tikka Pizza
Cream Nestle pkt,Chicken Tikka Pizza
TURMERIC POWDER - HALDI,Chicken Tikka Pizza
CORIANDER POWDER - DHANIA,Chicken Tikka Pizza
LADY FINGER - BHINDI,BHINDHI TARKARI 
ONION,BHINDHI TARKARI 
TOMATO,BHINDHI TARKARI 
EVA (Cooking Oil  liter Pkt),BHINDHI TARKARI 
SALT,BHINDHI TARKARI 
CUMMIN SEEDS - ZEERA,BHINDHI TARKARI 
GARLIC PASTE  LEHSAN PASTE,BHINDHI TARKARI 
CUMMIN POWDER - ZEERA,BHINDHI TARKARI 
TURMERIC POWDER - HALDI,BHINDHI TARKARI 
CORIANDER POWDER - DHANIA,BHINDHI TARKARI 
CORIANDER SEEDS - DHANIA,BHINDHI TARKARI 
CHICKEN POWDER,BHINDHI TARKARI 
GINGER PASTE  ADRAK PASTE,BHINDHI TARKARI 
CUCUMBER - KEHRA,KACHUMBAR SALAD
TOMATO,KACHUMBAR SALAD
EVA (Cooking Oil  liter Pkt),PLAIN DAAL (Daal Chawal)
ONION,PLAIN DAAL (Daal Chawal)
TOMATO,PLAIN DAAL (Daal Chawal)
DUDHI LOKHI,PLAIN DAAL (Daal Chawal)
CUMMIN POWDER - ZEERA,PLAIN DAAL (Daal Chawal)
TURMERIC POWDER - HALDI,PLAIN DAAL (Daal Chawal)
GARAM MASALA POWDER,PLAIN DAAL (Daal Chawal)
SAUF FENNEL SAUF POWDER,PLAIN DAAL (Daal Chawal)
CORIANDER - KOTHMIR DHANIA,PLAIN DAAL (Daal Chawal)
CHAT MASALA,PLAIN DAAL (Daal Chawal)
CHICKEN POWDER,PLAIN DAAL (Daal Chawal)
CORIANDER POWDER - DHANIA,PLAIN DAAL (Daal Chawal)
CUMMIN SEEDS - ZEERA,PLAIN DAAL (Daal Chawal)
GARLIC PASTE  LEHSAN PASTE,PLAIN DAAL (Daal Chawal)
GINGER PASTE  ADRAK PASTE,PLAIN DAAL (Daal Chawal)
SALT,PLAIN DAAL (Daal Chawal)
MASOOR DAAL RED WASHED,PLAIN DAAL (Daal Chawal)
MOONG DAAL YELLOW,PLAIN DAAL (Daal Chawal)
SALT,DAAL GHOST 
MUTTON BOTI CUT,DAAL GHOST 
CUMMIN SEEDS - ZEERA,DAAL GHOST 
CHICKEN POWDER,DAAL GHOST 
CUMMIN POWDER - ZEERA,DAAL GHOST 
CORIANDER POWDER - DHANIA,DAAL GHOST 
MOONG DAAL YELLOW,DAAL GHOST 
ONION,DAAL GHOST 
TOMATO,DAAL GHOST 
EVA (Cooking Oil  liter Pkt),DAAL GHOST 
DUDHI LOKHI,DAAL GHOST 
TURMERIC POWDER - HALDI,DAAL GHOST 
GARAM MASALA POWDER,DAAL GHOST 
GINGER PASTE  ADRAK PASTE,DAAL GHOST 
GARLIC PASTE  LEHSAN PASTE,DAAL GHOST 
BHAJIA CHILLIES - BIG PAKORA MIRCH,DAAL GHOST 
MASOOR DAAL RED WASHED,DAAL GHOST 
CABBAGE BAND GOBI,CHICKEN FRIED RICE 
WHITE PEPPER POWDER,CHICKEN FRIED RICE 
EVA (Cooking Oil  liter Pkt),CHICKEN FRIED RICE 
CARROT - GAJAR,CHICKEN FRIED RICE 
SPRING ONION - LILY PIYAZ,CHICKEN FRIED RICE 
CHICKEN BONELESS,CHICKEN FRIED RICE 
EGG ,CHICKEN FRIED RICE 
SELA RICE,CHICKEN FRIED RICE 
CUMMIN SEEDS - ZEERA,CHICKEN FRIED RICE 
CHICKEN POWDER,CHICKEN FRIED RICE 
BLACK PEPPER POWDER,CHICKEN FRIED RICE 
SALT,BEEF HALEEM
BEEF MEAT,BEEF HALEEM
Haleem Mix Loose,BEEF HALEEM
SUNT - GINGER ADRAK POWDER,BEEF HALEEM
CUMMIN SEEDS - ZEERA,BEEF HALEEM
CUMMIN POWDER - ZEERA,BEEF HALEEM
CHAT MASALA,BEEF HALEEM
GINGER - ADRAK,BEEF HALEEM
GINGER PASTE  ADRAK PASTE,BEEF HALEEM
GARLIC PASTE  LEHSAN PASTE,BEEF HALEEM
SAUF FENNEL SAUF POWDER,BEEF HALEEM
EVA (Cooking Oil  liter Pkt),BEEF HALEEM
CHICKEN POWDER,BEEF HALEEM
TURMERIC POWDER - HALDI,BEEF HALEEM
CORIANDER POWDER - DHANIA,BEEF HALEEM
GARAM MASALA POWDER,BEEF HALEEM
ONION BIRISTA,BEEF HALEEM
LEMON,BEEF HALEEM
PODINA MINT LEAVES,BEEF HALEEM
 DAHI CURD,LASSI
CUMMIN POWDER - ZEERA,LASSI
SALT,LASSI
MUTTON BOTI CUT,Malvi Gosht Tarkari
ONION,Malvi Gosht Tarkari
 DAHI CURD,Malvi Gosht Tarkari
BHAJIA CHILLIES - BIG PAKORA MIRCH,Malvi Gosht Tarkari
CUMMIN SEEDS - ZEERA,Malvi Gosht Tarkari
CUMMIN POWDER - ZEERA,Malvi Gosht Tarkari
GINGER PASTE  ADRAK PASTE,Malvi Gosht Tarkari
GARLIC PASTE  LEHSAN PASTE,Malvi Gosht Tarkari
GREEN CHILLIES SMALL PASTE CHOTI MIRCH,Malvi Gosht Tarkari
TURMERIC POWDER - HALDI,Malvi Gosht Tarkari
CORIANDER POWDER - DHANIA,Malvi Gosht Tarkari
CHICKEN POWDER,Malvi Gosht Tarkari
SALT,Malvi Gosht Tarkari
EVA (Cooking Oil  liter Pkt),Malvi Gosht Tarkari
GARAM MASALA WHOLE,Malvi Gosht Tarkari
BASMATI RICE,MASOOR PULAW
MASOOR WHOLE,MASOOR PULAW
EVA (Cooking Oil  liter Pkt),MASOOR PULAW
CUMMIN SEEDS - ZEERA,MASOOR PULAW
CHICKEN POWDER,MASOOR PULAW
SALT,MASOOR PULAW
CORIANDER - KOTHMIR DHANIA,MASOOR PULAW
PODINA MINT LEAVES,MASOOR PULAW
GINGER PASTE  ADRAK PASTE,MASOOR PULAW
GARLIC PASTE  LEHSAN PASTE,MASOOR PULAW
GREEN CHILLIES SMALL PASTE CHOTI MIRCH,MASOOR PULAW
GARAM MASALA WHOLE,MASOOR PULAW
Tez Pattak,MASOOR PULAW
RED POTATO - LAL ALOO,MASOOR PULAW
TOMATO,MASOOR PULAW
 DAHI CURD,MASOOR PULAW
BHAJIA CHILLIES - BIG PAKORA MIRCH,MASOOR PULAW
MAIDA,CHICKEN NIHARI
CUMMIN SEEDS - ZEERA,CHICKEN NIHARI
CUMMIN POWDER - ZEERA,CHICKEN NIHARI
CORIANDER - KOTHMIR DHANIA,CHICKEN NIHARI
SALT,CHICKEN NIHARI
GARLIC PASTE  LEHSAN PASTE,CHICKEN NIHARI
GINGER - ADRAK,CHICKEN NIHARI
LEMON,CHICKEN NIHARI
CHICKEN KARAHI CUT MEAT,CHICKEN NIHARI
ATTA,CHICKEN NIHARI
SHAN NIHARI MASALA ,CHICKEN NIHARI
TURMERIC POWDER - HALDI,CHICKEN NIHARI
CORIANDER POWDER - DHANIA,CHICKEN NIHARI
GARAM MASALA POWDER,CHICKEN NIHARI
CHICKEN POWDER,CHICKEN NIHARI
EVA (Cooking Oil  liter Pkt),CHICKEN NIHARI
GINGER PASTE  ADRAK PASTE,CHICKEN NIHARI
CHICKEN BONELESS,CHICKEN VEGETABLE NOODLES 
NOODLES 500 grm,CHICKEN VEGETABLE NOODLES 
BLACK PEPPER POWDER,CHICKEN VEGETABLE NOODLES 
WHITE PEPPER POWDER,CHICKEN VEGETABLE NOODLES 
EVA (Cooking Oil  liter Pkt),CHICKEN VEGETABLE NOODLES 
CARROT - GAJAR,CHICKEN VEGETABLE NOODLES 
SPRING ONION - LILY PIYAZ,CHICKEN VEGETABLE NOODLES 
FRENCH BEANS - FANSI,CHICKEN VEGETABLE NOODLES 
CUMMIN SEEDS - ZEERA,CHICKEN VEGETABLE NOODLES 
CHICKEN POWDER,CHICKEN VEGETABLE NOODLES 
SALT,TOMATO SOUP
BLACK PEPPER POWDER,TOMATO SOUP
WHITE PEPPER POWDER,TOMATO SOUP
VINEGAR,TOMATO SOUP
TOMATO,TOMATO SOUP
SWEET CORN (250 grm),TOMATO SOUP
CORN FLOUR ,TOMATO SOUP
CHICKEN CUBES (51 GRMS),TOMATO SOUP
EGG ,TOMATO SOUP
SALT,CHICKEN WHITE SAUCE BONES LESS TARKARI 
CHICKEN BONELESS,CHICKEN WHITE SAUCE BONES LESS TARKARI 
 DAHI CURD,CHICKEN WHITE SAUCE BONES LESS TARKARI 
Cream Nestle pkt,CHICKEN WHITE SAUCE BONES LESS TARKARI 
MAYONAISE PLAIN,CHICKEN WHITE SAUCE BONES LESS TARKARI 
EVA (Cooking Oil  liter Pkt),CHICKEN WHITE SAUCE BONES LESS TARKARI 
GINGER PASTE  ADRAK PASTE,CHICKEN WHITE SAUCE BONES LESS TARKARI 
GARLIC PASTE  LEHSAN PASTE,CHICKEN WHITE SAUCE BONES LESS TARKARI 
GREEN CHILLIES SMALL PASTE CHOTI MIRCH,CHICKEN WHITE SAUCE BONES LESS TARKARI 
CUMMIN SEEDS - ZEERA,CHICKEN WHITE SAUCE BONES LESS TARKARI 
CHICKEN POWDER,CHICKEN WHITE SAUCE BONES LESS TARKARI 
WHITE PEPPER POWDER,CHICKEN WHITE SAUCE BONES LESS TARKARI 
EVA (Cooking Oil  liter Pkt),PLAIN WHITE RICE 
BASMATI RICE,PLAIN WHITE RICE 
CUMMIN SEEDS - ZEERA,PLAIN WHITE RICE 
SALT,PLAIN WHITE RICE 
CHICKEN POWDER,White Soup
CHICKEN BONELESS,White Soup
BLACK PEPPER POWDER,White Soup
WHITE PEPPER POWDER,White Soup
SALT,White Soup
MAIDA,White Soup
EGG ,White Soup
EVA (Cooking Oil  liter Pkt),White Soup
EVA (Cooking Oil  liter Pkt),Mayonnaise
EGG ,Mayonnaise
BLACK PEPPER POWDER,Mayonnaise
SALT,Mayonnaise
WHITE SUGAR,Mayonnaise
VINEGAR,Mayonnaise
MUSTARD POWDER,Mayonnaise
SALT,CHICKEN CORN SOUP 
CHICKEN BONELESS,CHICKEN CORN SOUP 
BHUTTA CORN,CHICKEN CORN SOUP 
BLACK PEPPER POWDER,CHICKEN CORN SOUP 
WHITE PEPPER POWDER,CHICKEN CORN SOUP 
SPRING ONION - LILY PIYAZ,CHICKEN CORN SOUP 
COCONUT MILK POWDER,CHICKEN CORN SOUP 
CHICKEN CUBES (51 GRMS),CHICKEN CORN SOUP 
CUMMIN SEEDS - ZEERA,Chicken Tarkari
CUMMIN POWDER - ZEERA,Chicken Tarkari
TURMERIC POWDER - HALDI,Chicken Tarkari
CORIANDER POWDER - DHANIA,Chicken Tarkari
CHICKEN POWDER,Chicken Tarkari
 DAHI CURD,Chicken Tarkari
SALT,Chicken Tarkari
CHAT MASALA,Chicken Tarkari
ONION BIRISTA,Chicken Tarkari
ONION,Chicken Tarkari
TOMATO,Chicken Tarkari
EVA (Cooking Oil  liter Pkt),Chicken Tarkari
GINGER PASTE  ADRAK PASTE,Chicken Tarkari
GARLIC PASTE  LEHSAN PASTE,Chicken Tarkari
CHICKEN KARAHI CUT MEAT,Chicken Tarkari
SALT,Mutton Kari Tarkari
MUTTON BOTI CUT,Mutton Kari Tarkari
KARI MASALA,Mutton Kari Tarkari
CUMMIN SEEDS - ZEERA,Mutton Kari Tarkari
CUMMIN POWDER - ZEERA,Mutton Kari Tarkari
CORIANDER POWDER - DHANIA,Mutton Kari Tarkari
Cream Nestle pkt,Mutton Kari Tarkari
Kajju,Mutton Kari Tarkari
GARLIC PASTE  LEHSAN PASTE,Mutton Kari Tarkari
EVA (Cooking Oil  liter Pkt),Mutton Kari Tarkari
 DAHI CURD,Mutton Kari Tarkari
TAMARIND - AAMLI,Mutton Kari Tarkari
SUNT - GINGER ADRAK POWDER,Mutton Kari Tarkari
COCONUT POWDER KHOPRRA,Mutton Kari Tarkari
Badiyan,Mutton Kari Tarkari
CHICKEN POWDER,Mutton Kari Tarkari
ONION,Mutton Kari Tarkari
Coconut Cream Powder,Mutton Kari Tarkari
CORIANDER - KOTHMIR DHANIA,Mutton Kari Tarkari
GINGER PASTE  ADRAK PASTE,Mutton Kari Tarkari
SALT,CHANNA BATETA SALAD PLAIN
CHANNA WHOLE,CHANNA BATETA SALAD PLAIN
RED POTATO - LAL ALOO,CHANNA BATETA SALAD PLAIN
TOMATO,CHANNA BATETA SALAD PLAIN
CHAT MASALA,CHANNA BATETA SALAD PLAIN
VINEGAR,CHANNA BATETA SALAD PLAIN
BLACK PEPPER POWDER,CHANNA BATETA SALAD PLAIN
WHITE PEPPER POWDER,CHANNA BATETA SALAD PLAIN
TAMARIND - AAMLI,CHANNA BATETA SALAD PLAIN
CORIANDER - KOTHMIR DHANIA,CHANNA BATETA SALAD PLAIN
Rose Essence,Kalamro
Fresh Milk,Kalamro
Cream Nestle pkt,Kalamro
Kajju,Kalamro
BASMATI RICE,Kalamro
 DAHI CURD,Kalamro
ALMOND WHOLE,Kalamro
SULTANAS - KISHMISH (BLACK),Kalamro
SWEETENED MILK (390 grm) ,Kalamro
WHITE SUGAR,Kalamro
Bread,OLD CALCULATION VEGETABLE SANDWICH
BUTTER,OLD CALCULATION VEGETABLE SANDWICH
TOMATO,OLD CALCULATION VEGETABLE SANDWICH
CUCUMBER - KEHRA,OLD CALCULATION VEGETABLE SANDWICH
CARROT - GAJAR,OLD CALCULATION VEGETABLE SANDWICH
RED POTATO - LAL ALOO,OLD CALCULATION VEGETABLE SANDWICH
GARLIC PASTE  LEHSAN PASTE,OLD CALCULATION VEGETABLE SANDWICH
GINGER PASTE  ADRAK PASTE,OLD CALCULATION VEGETABLE SANDWICH
GREEN CHILLIES SMALL PASTE CHOTI MIRCH,OLD CALCULATION VEGETABLE SANDWICH
FRENCH BEANS - FANSI,OLD CALCULATION VEGETABLE SANDWICH
EVA (Cooking Oil  liter Pkt),OLD CALCULATION VEGETABLE SANDWICH
CHICKEN POWDER,OLD CALCULATION VEGETABLE SANDWICH
CUMMIN SEEDS - ZEERA,OLD CALCULATION VEGETABLE SANDWICH
BLACK PEPPER POWDER,OLD CALCULATION VEGETABLE SANDWICH
WHITE PEPPER POWDER,OLD CALCULATION VEGETABLE SANDWICH
Haleem Mix Loose,CHICKEN HALEEM 
CUMMIN SEEDS - ZEERA,CHICKEN HALEEM 
CUMMIN POWDER - ZEERA,CHICKEN HALEEM 
TURMERIC POWDER - HALDI,CHICKEN HALEEM 
CORIANDER POWDER - DHANIA,CHICKEN HALEEM 
CHICKEN POWDER,CHICKEN HALEEM 
CHOTI MIRCH GREEN CHILLI,CHICKEN HALEEM 
CORIANDER - KOTHMIR DHANIA,CHICKEN HALEEM 
PODINA MINT LEAVES,CHICKEN HALEEM 
GINGER - ADRAK,CHICKEN HALEEM 
LEMON,CHICKEN HALEEM 
CHICKEN BONELESS,CHICKEN HALEEM 
CHAT MASALA,CHICKEN HALEEM 
SAUF FENNEL SAUF POWDER,CHICKEN HALEEM 
SALT,CHICKEN HALEEM 
ONION BIRISTA,CHICKEN HALEEM 
SUNT - GINGER ADRAK POWDER,CHICKEN HALEEM 
EVA (Cooking Oil  liter Pkt),CHICKEN HALEEM 
GINGER PASTE  ADRAK PASTE,CHICKEN HALEEM 
GARLIC PASTE  LEHSAN PASTE,CHICKEN HALEEM 
SELA RICE,SHELA RICE 
EVA (Cooking Oil  liter Pkt),SHELA RICE 
CUMMIN SEEDS - ZEERA,SHELA RICE 
CHANNA DAAL BROKEN,CHANA DAAL FRY
ONION,CHANA DAAL FRY
TOMATO,CHANA DAAL FRY
GINGER - ADRAK,CHANA DAAL FRY
GREEN CHILLIES SMALL PASTE CHOTI MIRCH,CHANA DAAL FRY
GARLIC - LEHSAN,CHANA DAAL FRY
EVA (Cooking Oil  liter Pkt),CHANA DAAL FRY
DUDHI LOKHI,CHANA DAAL FRY
CUMMIN SEEDS - ZEERA,CHANA DAAL FRY
CUMMIN POWDER - ZEERA,CHANA DAAL FRY
CORIANDER POWDER - DHANIA,CHANA DAAL FRY
GARAM MASALA POWDER,CHANA DAAL FRY
CHICKEN POWDER,CHANA DAAL FRY
SELA RICE,MIX VEGETABLE BIRYANI (SABZI)
CUMMIN SEEDS - ZEERA,MIX VEGETABLE BIRYANI (SABZI)
CUMMIN POWDER - ZEERA,MIX VEGETABLE BIRYANI (SABZI)
TURMERIC POWDER - HALDI,MIX VEGETABLE BIRYANI (SABZI)
CORIANDER POWDER - DHANIA,MIX VEGETABLE BIRYANI (SABZI)
GARAM MASALA POWDER,MIX VEGETABLE BIRYANI (SABZI)
CAULIFLOWER - GOBI,MIX VEGETABLE BIRYANI (SABZI)
MATTAR PEAS,MIX VEGETABLE BIRYANI (SABZI)
DUDHI LOKHI,MIX VEGETABLE BIRYANI (SABZI)
CARROT - GAJAR,MIX VEGETABLE BIRYANI (SABZI)
CUCUMBER - KEHRA,MIX VEGETABLE BIRYANI (SABZI)
Tinda,MIX VEGETABLE BIRYANI (SABZI)
TOMATO,MIX VEGETABLE BIRYANI (SABZI)
GINGER - ADRAK,MIX VEGETABLE BIRYANI (SABZI)
GARLIC - LEHSAN,MIX VEGETABLE BIRYANI (SABZI)
GREEN CHILLIES SMALL PASTE CHOTI MIRCH,MIX VEGETABLE BIRYANI (SABZI)
CORIANDER - KOTHMIR DHANIA,MIX VEGETABLE BIRYANI (SABZI)
PODINA MINT LEAVES,MIX VEGETABLE BIRYANI (SABZI)
CHICKEN POWDER,MIX VEGETABLE BIRYANI (SABZI)
GARAM MASALA WHOLE,MIX VEGETABLE BIRYANI (SABZI)
BLACK PEPPER POWDER,MIX VEGETABLE BIRYANI (SABZI)
WHITE PEPPER POWDER,MIX VEGETABLE BIRYANI (SABZI)
007 BIRYANI MASALA,MIX VEGETABLE BIRYANI (SABZI)
EVA (Cooking Oil  liter Pkt),MIX VEGETABLE BIRYANI (SABZI)
CUMMIN SEEDS - ZEERA,BEEF TARKARI
CUMMIN POWDER - ZEERA,BEEF TARKARI
TURMERIC POWDER - HALDI,BEEF TARKARI
CORIANDER POWDER - DHANIA,BEEF TARKARI
GARAM MASALA POWDER,BEEF TARKARI
CHICKEN POWDER,BEEF TARKARI
TOMATO,BEEF TARKARI
GINGER PASTE  ADRAK PASTE,BEEF TARKARI
GARLIC PASTE  LEHSAN PASTE,BEEF TARKARI
CORIANDER - KOTHMIR DHANIA,BEEF TARKARI
BEEF MEAT,BEEF TARKARI
SALT,BEEF TARKARI
GARAM MASALA WHOLE,BEEF TARKARI
ONION BIRISTA,BEEF TARKARI
EVA (Cooking Oil  liter Pkt),BEEF TARKARI
 DAHI CURD,BEEF TARKARI
RED POTATO - LAL ALOO,BEEF TARKARI
ONION,BEEF TARKARI
EVA (Cooking Oil  liter Pkt),WHITE CHICKEN TARKARI
Kajju,WHITE CHICKEN TARKARI
COCONUT POWDER KHOPRRA,WHITE CHICKEN TARKARI
CHICKEN KARAHI CUT MEAT,WHITE CHICKEN TARKARI
ONION,WHITE CHICKEN TARKARI
CORIANDER - KOTHMIR DHANIA,WHITE CHICKEN TARKARI
CUMMIN POWDER - ZEERA,WHITE CHICKEN TARKARI
SALT,WHITE CHICKEN TARKARI
MILK TETRAPACK 1000ml,WHITE CHICKEN TARKARI
GARAM MASALA WHOLE,WHITE CHICKEN TARKARI
COCONUT MILK POWDER,WHITE CHICKEN TARKARI
CORN FLOUR ,WHITE CHICKEN TARKARI
CHICKEN POWDER,WHITE CHICKEN TARKARI
 DAHI CURD,WHITE CHICKEN TARKARI
BLACK PEPPER POWDER,WHITE CHICKEN TARKARI
WHITE PEPPER POWDER,WHITE CHICKEN TARKARI
CUMMIN SEEDS - ZEERA,WHITE CHICKEN TARKARI
GINGER PASTE  ADRAK PASTE,WHITE CHICKEN TARKARI
GARLIC PASTE  LEHSAN PASTE,WHITE CHICKEN TARKARI
MASOOR DAAL RED WASHED,MONG DAAL
EVA (Cooking Oil  liter Pkt),MONG DAAL
ONION,MONG DAAL
TOMATO,MONG DAAL
GINGER - ADRAK,MONG DAAL
GARLIC - LEHSAN,MONG DAAL
GREEN CHILLIES SMALL PASTE CHOTI MIRCH,MONG DAAL
CORIANDER - KOTHMIR DHANIA,MONG DAAL
DUDHI LOKHI,MONG DAAL
RED POTATO - LAL ALOO,Aloo Tarkari and Chicken White Pulow and Tomato Soup and Malai Boti
ONION,Aloo Tarkari and Chicken White Pulow and Tomato Soup and Malai Boti
TOMATO,Aloo Tarkari and Chicken White Pulow and Tomato Soup and Malai Boti
GINGER - ADRAK,Aloo Tarkari and Chicken White Pulow and Tomato Soup and Malai Boti
GARLIC - LEHSAN,Aloo Tarkari and Chicken White Pulow and Tomato Soup and Malai Boti
GREEN CHILLIES SMALL PASTE CHOTI MIRCH,Aloo Tarkari and Chicken White Pulow and Tomato Soup and Malai Boti
CORIANDER - KOTHMIR DHANIA,Aloo Tarkari and Chicken White Pulow and Tomato Soup and Malai Boti
PODINA MINT LEAVES,Aloo Tarkari and Chicken White Pulow and Tomato Soup and Malai Boti
BHAJIA CHILLIES - BIG PAKORA MIRCH,Aloo Tarkari and Chicken White Pulow and Tomato Soup and Malai Boti
CHICKEN KARAHI CUT MEAT,Aloo Tarkari and Chicken White Pulow and Tomato Soup and Malai Boti
CHICKEN BONELESS,Aloo Tarkari and Chicken White Pulow and Tomato Soup and Malai Boti
ONION BIRISTA,Aloo Tarkari and Chicken White Pulow and Tomato Soup and Malai Boti
Alubukhara (Plam),Aloo Tarkari and Chicken White Pulow and Tomato Soup and Malai Boti
VINEGAR,Aloo Tarkari and Chicken White Pulow and Tomato Soup and Malai Boti
TOMATO KETCHUP,Aloo Tarkari and Chicken White Pulow and Tomato Soup and Malai Boti
EVA (Cooking Oil  liter Pkt),Aloo Tarkari and Chicken White Pulow and Tomato Soup and Malai Boti
 DAHI CURD,Aloo Tarkari and Chicken White Pulow and Tomato Soup and Malai Boti
CUMMIN SEEDS - ZEERA,Aloo Tarkari and Chicken White Pulow and Tomato Soup and Malai Boti
CUMMIN POWDER - ZEERA,Aloo Tarkari and Chicken White Pulow and Tomato Soup and Malai Boti
TURMERIC POWDER - HALDI,Aloo Tarkari and Chicken White Pulow and Tomato Soup and Malai Boti
CORIANDER POWDER - DHANIA,Aloo Tarkari and Chicken White Pulow and Tomato Soup and Malai Boti
GARAM MASALA WHOLE,Aloo Tarkari and Chicken White Pulow and Tomato Soup and Malai Boti
CHICKEN POWDER,Aloo Tarkari and Chicken White Pulow and Tomato Soup and Malai Boti
CHICKEN QEEMA,CHICKEN QEEMA WITH MATTAR ALLOW
MATTAR PEAS,CHICKEN QEEMA WITH MATTAR ALLOW
TOMATO,CHICKEN QEEMA WITH MATTAR ALLOW
GINGER PASTE  ADRAK PASTE,CHICKEN QEEMA WITH MATTAR ALLOW
GARLIC PASTE  LEHSAN PASTE,CHICKEN QEEMA WITH MATTAR ALLOW
GREEN CHILLIES SMALL PASTE CHOTI MIRCH,CHICKEN QEEMA WITH MATTAR ALLOW
EVA (Cooking Oil  liter Pkt),CHICKEN QEEMA WITH MATTAR ALLOW
GARAM MASALA POWDER,CHICKEN QEEMA WITH MATTAR ALLOW
RED POTATO - LAL ALOO,CHICKEN QEEMA WITH MATTAR ALLOW
ONION,CHICKEN QEEMA WITH MATTAR ALLOW
 DAHI CURD,CHICKEN QEEMA WITH MATTAR ALLOW
CORIANDER - KOTHMIR DHANIA,CHICKEN QEEMA WITH MATTAR ALLOW
CUMMIN SEEDS - ZEERA,CHICKEN QEEMA WITH MATTAR ALLOW
CUMMIN POWDER - ZEERA,CHICKEN QEEMA WITH MATTAR ALLOW
TURMERIC POWDER - HALDI,CHICKEN QEEMA WITH MATTAR ALLOW
CORIANDER POWDER - DHANIA,CHICKEN QEEMA WITH MATTAR ALLOW
CHICKEN POWDER,CHICKEN QEEMA WITH MATTAR ALLOW
POTATO (BIG SIZE),"MIX VEGETABLE SABZI (PHOOL GOBI, GAJJAR, MATTAR, ALOO, SHIMLA, MARUKADU)"
ONION,"MIX VEGETABLE SABZI (PHOOL GOBI, GAJJAR, MATTAR, ALOO, SHIMLA, MARUKADU)"
TOMATO,"MIX VEGETABLE SABZI (PHOOL GOBI, GAJJAR, MATTAR, ALOO, SHIMLA, MARUKADU)"
GINGER PASTE  ADRAK PASTE,"MIX VEGETABLE SABZI (PHOOL GOBI, GAJJAR, MATTAR, ALOO, SHIMLA, MARUKADU)"
GARLIC PASTE  LEHSAN PASTE,"MIX VEGETABLE SABZI (PHOOL GOBI, GAJJAR, MATTAR, ALOO, SHIMLA, MARUKADU)"
CORIANDER - KOTHMIR DHANIA,"MIX VEGETABLE SABZI (PHOOL GOBI, GAJJAR, MATTAR, ALOO, SHIMLA, MARUKADU)"
CORIANDER POWDER - DHANIA,"MIX VEGETABLE SABZI (PHOOL GOBI, GAJJAR, MATTAR, ALOO, SHIMLA, MARUKADU)"
CHICKEN POWDER,"MIX VEGETABLE SABZI (PHOOL GOBI, GAJJAR, MATTAR, ALOO, SHIMLA, MARUKADU)"
EVA (Cooking Oil  liter Pkt),"MIX VEGETABLE SABZI (PHOOL GOBI, GAJJAR, MATTAR, ALOO, SHIMLA, MARUKADU)"
SALT,"MIX VEGETABLE SABZI (PHOOL GOBI, GAJJAR, MATTAR, ALOO, SHIMLA, MARUKADU)"
VEGETABLE MASALA,"MIX VEGETABLE SABZI (PHOOL GOBI, GAJJAR, MATTAR, ALOO, SHIMLA, MARUKADU)"
CAULIFLOWER - GOBI,"MIX VEGETABLE SABZI (PHOOL GOBI, GAJJAR, MATTAR, ALOO, SHIMLA, MARUKADU)"
MATTAR PEAS,"MIX VEGETABLE SABZI (PHOOL GOBI, GAJJAR, MATTAR, ALOO, SHIMLA, MARUKADU)"
DUDHI LOKHI,"MIX VEGETABLE SABZI (PHOOL GOBI, GAJJAR, MATTAR, ALOO, SHIMLA, MARUKADU)"
CUMMIN SEEDS - ZEERA,"MIX VEGETABLE SABZI (PHOOL GOBI, GAJJAR, MATTAR, ALOO, SHIMLA, MARUKADU)"
CUMMIN POWDER - ZEERA,"MIX VEGETABLE SABZI (PHOOL GOBI, GAJJAR, MATTAR, ALOO, SHIMLA, MARUKADU)"
TURMERIC POWDER - HALDI,"MIX VEGETABLE SABZI (PHOOL GOBI, GAJJAR, MATTAR, ALOO, SHIMLA, MARUKADU)"
SELA RICE,BEEF BIRYANI
CORIANDER POWDER - DHANIA,BEEF BIRYANI
CHICKEN POWDER,BEEF BIRYANI
GARAM MASALA WHOLE,BEEF BIRYANI
ONION BIRISTA,BEEF BIRYANI
007 BIRYANI MASALA,BEEF BIRYANI
GREEN CHILLIES SMALL PASTE CHOTI MIRCH,BEEF BIRYANI
CORIANDER - KOTHMIR DHANIA,BEEF BIRYANI
PODINA MINT LEAVES,BEEF BIRYANI
BEEF MEAT,BEEF BIRYANI
SALT,BEEF BIRYANI
EVA (Cooking Oil  liter Pkt),BEEF BIRYANI
 DAHI CURD,BEEF BIRYANI
RED POTATO - LAL ALOO,BEEF BIRYANI
TOMATO,BEEF BIRYANI
GINGER PASTE  ADRAK PASTE,BEEF BIRYANI
GARLIC PASTE  LEHSAN PASTE,BEEF BIRYANI
VINEGAR,MUTTON BIRYANI
GARLIC PASTE  LEHSAN PASTE,MUTTON BIRYANI
GREEN CHILLIES SMALL PASTE CHOTI MIRCH,MUTTON BIRYANI
CORIANDER - KOTHMIR DHANIA,MUTTON BIRYANI
MUTTON BOTI CUT,MUTTON BIRYANI
SALT,MUTTON BIRYANI
Tez Pattak,MUTTON BIRYANI
007 BIRYANI MASALA,MUTTON BIRYANI
EVA (Cooking Oil  liter Pkt),MUTTON BIRYANI
 DAHI CURD,MUTTON BIRYANI
RED POTATO - LAL ALOO,MUTTON BIRYANI
TOMATO,MUTTON BIRYANI
GINGER PASTE  ADRAK PASTE,MUTTON BIRYANI
CUMMIN POWDER - ZEERA,MUTTON BIRYANI
CORIANDER POWDER - DHANIA,MUTTON BIRYANI
GARAM MASALA POWDER,MUTTON BIRYANI
CHICKEN POWDER,MUTTON BIRYANI
GARAM MASALA WHOLE,MUTTON BIRYANI
ONION BIRISTA,MUTTON BIRYANI
SELA RICE,MUTTON BIRYANI
TURMERIC POWDER - HALDI,BUTTER CHICKEN
EVA (Cooking Oil  liter Pkt),BUTTER CHICKEN
BUTTER,BUTTER CHICKEN
ONION,BUTTER CHICKEN
TOMATO,BUTTER CHICKEN
GINGER PASTE  ADRAK PASTE,BUTTER CHICKEN
CORIANDER POWDER - DHANIA,BUTTER CHICKEN
SALT,BUTTER CHICKEN
GARAM MASALA WHOLE,BUTTER CHICKEN
SUNT - GINGER ADRAK POWDER,BUTTER CHICKEN
ONION BIRISTA,BUTTER CHICKEN
GINGER - ADRAK,BUTTER CHICKEN
BLACK PEPPER POWDER,BUTTER CHICKEN
CUMMIN POWDER - ZEERA,BUTTER CHICKEN
GARLIC PASTE  LEHSAN PASTE,BUTTER CHICKEN
GREEN CHILLIES SMALL PASTE CHOTI MIRCH,BUTTER CHICKEN
CORIANDER - KOTHMIR DHANIA,BUTTER CHICKEN
CHICKEN BONELESS,BUTTER CHICKEN
Cream Nestle pkt,BUTTER CHICKEN
Kajju,BUTTER CHICKEN
CUMMIN SEEDS - ZEERA,CHICKEN QEEMA WITH ALOOW
CUMMIN POWDER - ZEERA,CHICKEN QEEMA WITH ALOOW
TURMERIC POWDER - HALDI,CHICKEN QEEMA WITH ALOOW
CHICKEN POWDER,CHICKEN QEEMA WITH ALOOW
ONION BIRISTA,CHICKEN QEEMA WITH ALOOW
EVA (Cooking Oil  liter Pkt),CHICKEN QEEMA WITH ALOOW
QEEMA MASALA,CHICKEN QEEMA WITH ALOOW
 DAHI CURD,CHICKEN QEEMA WITH ALOOW
RED POTATO - LAL ALOO,CHICKEN QEEMA WITH ALOOW
TOMATO,CHICKEN QEEMA WITH ALOOW
GINGER PASTE  ADRAK PASTE,CHICKEN QEEMA WITH ALOOW
GARLIC PASTE  LEHSAN PASTE,CHICKEN QEEMA WITH ALOOW
CORIANDER - KOTHMIR DHANIA,CHICKEN QEEMA WITH ALOOW
CHICKEN QEEMA,CHICKEN QEEMA WITH ALOOW
CUMMIN SEEDS - ZEERA,CHICKEN KARI CHAWWAL TARKARI
CUMMIN POWDER - ZEERA,CHICKEN KARI CHAWWAL TARKARI
CORIANDER POWDER - DHANIA,CHICKEN KARI CHAWWAL TARKARI
CHICKEN POWDER,CHICKEN KARI CHAWWAL TARKARI
BLACK PEPPER POWDER,CHICKEN KARI CHAWWAL TARKARI
WHITE PEPPER POWDER,CHICKEN KARI CHAWWAL TARKARI
GINGER PASTE  ADRAK PASTE,CHICKEN KARI CHAWWAL TARKARI
GARLIC PASTE  LEHSAN PASTE,CHICKEN KARI CHAWWAL TARKARI
CORIANDER - KOTHMIR DHANIA,CHICKEN KARI CHAWWAL TARKARI
CHICKEN KARAHI CUT MEAT,CHICKEN KARI CHAWWAL TARKARI
MILK TETRAPACK 1000ml,CHICKEN KARI CHAWWAL TARKARI
Badiyan,CHICKEN KARI CHAWWAL TARKARI
KARI MASALA,CHICKEN KARI CHAWWAL TARKARI
COCONUT POWDER KHOPRRA,CHICKEN KARI CHAWWAL TARKARI
COCONUT MILK POWDER,CHICKEN KARI CHAWWAL TARKARI
EVA (Cooking Oil  liter Pkt),CHICKEN KARI CHAWWAL TARKARI
 DAHI CURD,CHICKEN KARI CHAWWAL TARKARI
ONION,CHICKEN KARI CHAWWAL TARKARI
ONION,"MIX SABZI ALOU , PALAK, MATTAR"
RED POTATO - LAL ALOO,"MIX SABZI ALOU , PALAK, MATTAR"
TOMATO,"MIX SABZI ALOU , PALAK, MATTAR"
MATTAR PEAS,"MIX SABZI ALOU , PALAK, MATTAR"
PALAK,"MIX SABZI ALOU , PALAK, MATTAR"
EVA (Cooking Oil  liter Pkt),"MIX SABZI ALOU , PALAK, MATTAR"
SALT,"MIX SABZI ALOU , PALAK, MATTAR"
CUMMIN POWDER - ZEERA,"MIX SABZI ALOU , PALAK, MATTAR"
METHI BHAJI - FENUGREEK,"MIX SABZI ALOU , PALAK, MATTAR"
GARAM MASALA POWDER,"MIX SABZI ALOU , PALAK, MATTAR"
GINGER PASTE  ADRAK PASTE,"MIX SABZI ALOU , PALAK, MATTAR"
GARLIC PASTE  LEHSAN PASTE,"MIX SABZI ALOU , PALAK, MATTAR"
CUMMIN SEEDS - ZEERA,"MIX SABZI ALOU , PALAK, MATTAR"
CHICKEN POWDER,"MIX SABZI ALOU , PALAK, MATTAR"
CORIANDER POWDER - DHANIA,"MIX SABZI ALOU , PALAK, MATTAR"
TURMERIC POWDER - HALDI,"MIX SABZI ALOU , PALAK, MATTAR"
CUMMIN SEEDS - ZEERA,CHIICKEN QORMA
CHICKEN POWDER,CHIICKEN QORMA
ONION BIRISTA,CHIICKEN QORMA
KORMA MASALA,CHIICKEN QORMA
EVA (Cooking Oil  liter Pkt),CHIICKEN QORMA
Dahi ,CHIICKEN QORMA
TOMATO,CHIICKEN QORMA
GINGER - ADRAK,CHIICKEN QORMA
GARLIC - LEHSAN,CHIICKEN QORMA
GREEN CHILLIES SMALL PASTE CHOTI MIRCH,CHIICKEN QORMA
CHICKEN KARAHI CUT MEAT,CHIICKEN QORMA
CORIANDER - KOTHMIR DHANIA,CHIICKEN QORMA
CHICKEN POWDER,PASANDA TARKARI
GARAM MASALA WHOLE,PASANDA TARKARI
Coconut Cream Powder,PASANDA TARKARI
ONION BIRISTA,PASANDA TARKARI
KORMA MASALA,PASANDA TARKARI
ALMOND WHOLE,PASANDA TARKARI
GREEN CHILLIES SMALL PASTE CHOTI MIRCH,PASANDA TARKARI
CORIANDER - KOTHMIR DHANIA,PASANDA TARKARI
MUTTON BONELESS,PASANDA TARKARI
Kajju,PASANDA TARKARI
EVA (Cooking Oil  liter Pkt),PASANDA TARKARI
 DAHI CURD,PASANDA TARKARI
ONION,PASANDA TARKARI
GINGER - ADRAK,PASANDA TARKARI
GARLIC - LEHSAN,PASANDA TARKARI
CUMMIN SEEDS - ZEERA,CHICKEN BIHARI QEEMA
GARAM MASALA POWDER,CHICKEN BIHARI QEEMA
ONION BIRISTA,CHICKEN BIHARI QEEMA
EVA (Cooking Oil  liter Pkt),CHICKEN BIHARI QEEMA
 DAHI CURD,CHICKEN BIHARI QEEMA
GINGER PASTE  ADRAK PASTE,CHICKEN BIHARI QEEMA
CUMMIN POWDER - ZEERA,CHICKEN BIHARI QEEMA
SALT,CHICKEN BIHARI QEEMA
BIHRAI KABAB MASALA SHAN,CHICKEN BIHARI QEEMA
GARLIC PASTE  LEHSAN PASTE,CHICKEN BIHARI QEEMA
CORIANDER - KOTHMIR DHANIA,CHICKEN BIHARI QEEMA
CHICKEN QEEMA,CHICKEN BIHARI QEEMA
CHICKEN POWDER,CHICKEN BIHARI QEEMA
TURMERIC POWDER - HALDI,CHICKEN BIHARI QEEMA
CORIANDER POWDER - DHANIA,CHICKEN BIHARI QEEMA
CUMMIN SEEDS - ZEERA,CHICKEN QEEMA
CUMMIN POWDER - ZEERA,CHICKEN QEEMA
TURMERIC POWDER - HALDI,CHICKEN QEEMA
CORIANDER POWDER - DHANIA,CHICKEN QEEMA
GARAM MASALA POWDER,CHICKEN QEEMA
CHICKEN POWDER,CHICKEN QEEMA
EVA (Cooking Oil  liter Pkt),CHICKEN QEEMA
CORIANDER - KOTHMIR DHANIA,CHICKEN QEEMA
ONION BIRISTA,CHICKEN QEEMA
SALT,CHICKEN QEEMA
ONION,CHICKEN QEEMA
TOMATO,CHICKEN QEEMA
GINGER PASTE  ADRAK PASTE,CHICKEN QEEMA
GARLIC PASTE  LEHSAN PASTE,CHICKEN QEEMA
BASMATI RICE,KITCHRI DAAL MONG WASHED
EVA (Cooking Oil  liter Pkt),KITCHRI DAAL MONG WASHED
MOONG DAAL YELLOW,KITCHRI DAAL MONG WASHED
SALT,KITCHRI DAAL MONG WASHED
CUMMIN SEEDS - ZEERA,KITCHRI DAAL MONG WASHED
CUMMIN SEEDS - ZEERA,VEGETABLE BIRYANI
CUMMIN POWDER - ZEERA,VEGETABLE BIRYANI
TURMERIC POWDER - HALDI,VEGETABLE BIRYANI
CORIANDER POWDER - DHANIA,VEGETABLE BIRYANI
GARAM MASALA POWDER,VEGETABLE BIRYANI
CHICKEN POWDER,VEGETABLE BIRYANI
GREEN CAPSICUM,VEGETABLE BIRYANI
BEETROOT,VEGETABLE BIRYANI
SELA RICE,VEGETABLE BIRYANI
PODINA MINT LEAVES,VEGETABLE BIRYANI
BHAJIA CHILLIES - BIG PAKORA MIRCH,VEGETABLE BIRYANI
CAULIFLOWER - GOBI,VEGETABLE BIRYANI
MATTAR PEAS,VEGETABLE BIRYANI
DUDHI LOKHI,VEGETABLE BIRYANI
CARROT - GAJAR,VEGETABLE BIRYANI
ONION,VEGETABLE BIRYANI
TOMATO,VEGETABLE BIRYANI
GINGER PASTE  ADRAK PASTE,VEGETABLE BIRYANI
GARLIC PASTE  LEHSAN PASTE,VEGETABLE BIRYANI
GREEN CHILLIES SMALL PASTE CHOTI MIRCH,VEGETABLE BIRYANI
CORIANDER - KOTHMIR DHANIA,VEGETABLE BIRYANI
GARAM MASALA WHOLE,VEGETABLE BIRYANI
Alubukhara (Plam),VEGETABLE BIRYANI
VINEGAR,VEGETABLE BIRYANI
EVA (Cooking Oil  liter Pkt),VEGETABLE BIRYANI
 DAHI CURD,VEGETABLE BIRYANI
RED POTATO - LAL ALOO,VEGETABLE BIRYANI
CUMMIN SEEDS - ZEERA,CHICKEN MAKHNI
CUMMIN POWDER - ZEERA,CHICKEN MAKHNI
TURMERIC POWDER - HALDI,CHICKEN MAKHNI
CHICKEN POWDER,CHICKEN MAKHNI
BLACK PEPPER POWDER,CHICKEN MAKHNI
WHITE PEPPER POWDER,CHICKEN MAKHNI
GREEN CHILLIES SMALL PASTE CHOTI MIRCH,CHICKEN MAKHNI
CORIANDER - KOTHMIR DHANIA,CHICKEN MAKHNI
CHICKEN KARAHI CUT MEAT,CHICKEN MAKHNI
EVA (Cooking Oil  liter Pkt),CHICKEN MAKHNI
BUTTER,CHICKEN MAKHNI
Cream Nestle pkt,CHICKEN MAKHNI
TOMATO,CHICKEN MAKHNI
GINGER PASTE  ADRAK PASTE,CHICKEN MAKHNI
GARLIC PASTE  LEHSAN PASTE,CHICKEN MAKHNI
CUMMIN SEEDS - ZEERA,MASH DAAL TARKARI
CUMMIN POWDER - ZEERA,MASH DAAL TARKARI
TURMERIC POWDER - HALDI,MASH DAAL TARKARI
CORIANDER POWDER - DHANIA,MASH DAAL TARKARI
GARAM MASALA POWDER,MASH DAAL TARKARI
CHICKEN POWDER,MASH DAAL TARKARI
CORIANDER - KOTHMIR DHANIA,MASH DAAL TARKARI
SALT,MASH DAAL TARKARI
MASH DAAL,MASH DAAL TARKARI
BLACK PEPPER POWDER,MASH DAAL TARKARI
EVA (Cooking Oil  liter Pkt),MASH DAAL TARKARI
ONION,MASH DAAL TARKARI
TOMATO,MASH DAAL TARKARI
GINGER PASTE  ADRAK PASTE,MASH DAAL TARKARI
GARLIC PASTE  LEHSAN PASTE,MASH DAAL TARKARI
CUMMIN SEEDS - ZEERA,Chicken Karahi
CUMMIN POWDER - ZEERA,Chicken Karahi
TURMERIC POWDER - HALDI,Chicken Karahi
CORIANDER POWDER - DHANIA,Chicken Karahi
GARAM MASALA POWDER,Chicken Karahi
CHICKEN POWDER,Chicken Karahi
GARLIC PASTE  LEHSAN PASTE,Chicken Karahi
CORIANDER - KOTHMIR DHANIA,Chicken Karahi
CHICKEN KARAHI CUT MEAT,Chicken Karahi
EVA (Cooking Oil  liter Pkt),Chicken Karahi
ONION,Chicken Karahi
BLACK PEPPER POWDER,Chicken Karahi
WHITE PEPPER POWDER,Chicken Karahi
SALT,Chicken Karahi
 DAHI CURD,Chicken Karahi
TOMATO,Chicken Karahi
GINGER PASTE  ADRAK PASTE,Chicken Karahi
PLAIN PARATHA,MUTTON ROLL
CUMMIN POWDER - ZEERA,MUTTON ROLL
CUMMIN SEEDS - ZEERA,MUTTON ROLL
TURMERIC POWDER - HALDI,MUTTON ROLL
CORIANDER POWDER - DHANIA,MUTTON ROLL
CHICKEN POWDER,MUTTON ROLL
MUTTON BONELESS,MUTTON ROLL
WHITE PEPPER POWDER,MUTTON ROLL
SALT,MUTTON ROLL
EVA (Cooking Oil  liter Pkt),MUTTON ROLL
GINGER PASTE  ADRAK PASTE,MUTTON ROLL
GARLIC PASTE  LEHSAN PASTE,MUTTON ROLL
GREEN CHILLIES SMALL PASTE CHOTI MIRCH,MUTTON ROLL
CHICKEN POWDER,MASOOR DAAL
EVA (Cooking Oil  liter Pkt),MASOOR DAAL
ONION,MASOOR DAAL
TOMATO,MASOOR DAAL
CORIANDER - KOTHMIR DHANIA,MASOOR DAAL
CORIANDER POWDER - DHANIA,MASOOR DAAL
MASOOR WHOLE,MASOOR DAAL
GARAM MASALA POWDER,MASOOR DAAL
TUAR DAAL,MASOOR DAAL
CHAT MASALA,MASOOR DAAL
SAUF FENNEL SAUF POWDER,MASOOR DAAL
CUMMIN POWDER - ZEERA,MASOOR DAAL
TURMERIC POWDER - HALDI,MASOOR DAAL
CUMMIN SEEDS - ZEERA,MASOOR DAAL
GINGER PASTE  ADRAK PASTE,MASOOR DAAL
GARLIC PASTE  LEHSAN PASTE,MASOOR DAAL
SALT,MASOOR DAAL
MAIDA,CHICKEN PASTA
BUTTER,CHICKEN PASTA
CUMMIN SEEDS - ZEERA,CHICKEN PASTA
BLACK PEPPER POWDER,CHICKEN PASTA
WHITE PEPPER POWDER,CHICKEN PASTA
CHICKEN CUBES (51 GRMS),CHICKEN PASTA
CHICKEN BONELESS,CHICKEN PASTA
PASTA (400 grm),CHICKEN PASTA
EVA (Cooking Oil  liter Pkt),CHICKEN PASTA
MILK TETRAPACK 1000ml,CHICKEN PASTA
GINGER PASTE  ADRAK PASTE,CHICKEN PASTA
GARLIC PASTE  LEHSAN PASTE,CHICKEN PASTA
GREEN CHILLIES SMALL PASTE CHOTI MIRCH,CHICKEN PASTA
GUWAR CLUSTER BEAN.,SABZI ALOO GUWAR TARKARI
RED POTATO - LAL ALOO,SABZI ALOO GUWAR TARKARI
ONION,SABZI ALOO GUWAR TARKARI
TOMATO,SABZI ALOO GUWAR TARKARI
CORIANDER - KOTHMIR DHANIA,SABZI ALOO GUWAR TARKARI
CUMMIN SEEDS - ZEERA,SABZI ALOO GUWAR TARKARI
GREEN CHILLIES SMALL PASTE CHOTI MIRCH,SABZI ALOO GUWAR TARKARI
SALT,SABZI ALOO GUWAR TARKARI
GARLIC PASTE  LEHSAN PASTE,SABZI ALOO GUWAR TARKARI
CHICKEN POWDER,SABZI ALOO GUWAR TARKARI
CORIANDER POWDER - DHANIA,SABZI ALOO GUWAR TARKARI
CUMMIN POWDER - ZEERA,SABZI ALOO GUWAR TARKARI
GARAM MASALA POWDER,SABZI ALOO GUWAR TARKARI
EVA (Cooking Oil  liter Pkt),SABZI ALOO GUWAR TARKARI
GINGER PASTE  ADRAK PASTE,SABZI ALOO GUWAR TARKARI
MAIDA,COCONUT SOUP 
WHITE PEPPER POWDER,COCONUT SOUP 
COCONUT MILK POWDER,COCONUT SOUP 
SALT,COCONUT SOUP 
CHICKEN CUBES (51 GRMS),COCONUT SOUP 
EVA (Cooking Oil  liter Pkt),COCONUT SOUP 
Cream Nestle pkt,COCONUT SOUP 
GREEN CHILLIES SMALL PASTE CHOTI MIRCH,COCONUT SOUP 
SALT,MUTTON TARKARI PLAIN
MUTTON BOTI CUT,MUTTON TARKARI PLAIN
EVA (Cooking Oil  liter Pkt),MUTTON TARKARI PLAIN
CUMMIN SEEDS - ZEERA,MUTTON TARKARI PLAIN
CUMMIN POWDER - ZEERA,MUTTON TARKARI PLAIN
CORIANDER SEEDS - DHANIA,MUTTON TARKARI PLAIN
GINGER PASTE  ADRAK PASTE,MUTTON TARKARI PLAIN
GARLIC PASTE  LEHSAN PASTE,MUTTON TARKARI PLAIN
ONION,MUTTON TARKARI PLAIN
TOMATO,MUTTON TARKARI PLAIN
RED POTATO - LAL ALOO,MUTTON TARKARI PLAIN
 DAHI CURD,MUTTON TARKARI PLAIN
CORIANDER POWDER - DHANIA,MUTTON TARKARI PLAIN
TURMERIC POWDER - HALDI,MUTTON TARKARI PLAIN
GARAM MASALA POWDER,MUTTON TARKARI PLAIN
CHICKEN POWDER,MUTTON TARKARI PLAIN
ONION BIRISTA,MUTTON TARKARI PLAIN
CORIANDER - KOTHMIR DHANIA,MUTTON TARKARI PLAIN
SALT,MUTTON QEEMA ALO MATTAR
MUTTON MINCE,MUTTON QEEMA ALO MATTAR
ONION,MUTTON QEEMA ALO MATTAR
TOMATO,MUTTON QEEMA ALO MATTAR
RED POTATO - LAL ALOO,MUTTON QEEMA ALO MATTAR
MATTAR PEAS,MUTTON QEEMA ALO MATTAR
TURMERIC POWDER - HALDI,MUTTON QEEMA ALO MATTAR
CHICKEN POWDER,MUTTON QEEMA ALO MATTAR
EVA (Cooking Oil  liter Pkt),MUTTON QEEMA ALO MATTAR
GINGER - ADRAK,MUTTON QEEMA ALO MATTAR
CORIANDER - KOTHMIR DHANIA,MUTTON QEEMA ALO MATTAR
 DAHI CURD,MUTTON QEEMA ALO MATTAR
CUMMIN SEEDS - ZEERA,MUTTON QEEMA ALO MATTAR
CUMMIN POWDER - ZEERA,MUTTON QEEMA ALO MATTAR
CORIANDER POWDER - DHANIA,MUTTON QEEMA ALO MATTAR
CHICKEN DRUMSTICK,FRIED CHICKEN BOHRA
EGG ,FRIED CHICKEN BOHRA
BREAD CRUMS,FRIED CHICKEN BOHRA
SALT,FRIED CHICKEN BOHRA
CUMMIN SEEDS - ZEERA,FRIED CHICKEN BOHRA
CUMMIN POWDER - ZEERA,FRIED CHICKEN BOHRA
CHICKEN POWDER,FRIED CHICKEN BOHRA
EVA (Cooking Oil  liter Pkt),FRIED CHICKEN BOHRA
TURMERIC POWDER - HALDI,FRIED CHICKEN BOHRA
CORIANDER POWDER - DHANIA,FRIED CHICKEN BOHRA
GARAM MASALA POWDER,FRIED CHICKEN BOHRA
GINGER PASTE  ADRAK PASTE,FRIED CHICKEN BOHRA
GARLIC PASTE  LEHSAN PASTE,FRIED CHICKEN BOHRA
GREEN CHILLIES SMALL PASTE CHOTI MIRCH,FRIED CHICKEN BOHRA
SALT,ANDA DAAL GOTALA
CHANNA DAAL BROKEN,ANDA DAAL GOTALA
EGG ,ANDA DAAL GOTALA
EVA (Cooking Oil  liter Pkt),ANDA DAAL GOTALA
ONION,ANDA DAAL GOTALA
TOMATO,ANDA DAAL GOTALA
CHICKEN POWDER,ANDA DAAL GOTALA
GINGER PASTE  ADRAK PASTE,ANDA DAAL GOTALA
GARLIC PASTE  LEHSAN PASTE,ANDA DAAL GOTALA
GREEN CHILLIES SMALL PASTE CHOTI MIRCH,ANDA DAAL GOTALA
BHAJIA CHILLIES - BIG PAKORA MIRCH,ANDA DAAL GOTALA
CUMMIN SEEDS - ZEERA,ANDA DAAL GOTALA
CUMMIN POWDER - ZEERA,ANDA DAAL GOTALA
TURMERIC POWDER - HALDI,ANDA DAAL GOTALA
CORIANDER POWDER - DHANIA,ANDA DAAL GOTALA
CORIANDER - KOTHMIR DHANIA,ANDA DAAL GOTALA
SALT,CHICKEN PULAW
CHICKEN KARAHI CUT MEAT,CHICKEN PULAW
EVA (Cooking Oil  liter Pkt),CHICKEN PULAW
BASMATI RICE,CHICKEN PULAW
ONION,CHICKEN PULAW
TOMATO,CHICKEN PULAW
GINGER PASTE  ADRAK PASTE,CHICKEN PULAW
GARLIC PASTE  LEHSAN PASTE,CHICKEN PULAW
WHITE PEPPER POWDER,CHICKEN PULAW
 DAHI CURD,CHICKEN PULAW
POTATO (BIG SIZE),CHICKEN PULAW
Tez Pattak,CHICKEN PULAW
CORIANDER - KOTHMIR DHANIA,CHICKEN PULAW
PODINA MINT LEAVES,CHICKEN PULAW
Alubukhara (Plam),CHICKEN PULAW
CUMMIN SEEDS - ZEERA,CHICKEN PULAW
GARAM MASALA WHOLE,CHICKEN PULAW
CHICKEN POWDER,CHICKEN PULAW
SALT,MURG CHOWLA
CHICKEN KARAHI CUT MEAT,MURG CHOWLA
CHANNA WHOLE,MURG CHOWLA
EVA (Cooking Oil  liter Pkt),MURG CHOWLA
ONION,MURG CHOWLA
TOMATO,MURG CHOWLA
GINGER PASTE  ADRAK PASTE,MURG CHOWLA
GARLIC PASTE  LEHSAN PASTE,MURG CHOWLA
GREEN CHILLIES SMALL PASTE CHOTI MIRCH,MURG CHOWLA
CORIANDER - KOTHMIR DHANIA,MURG CHOWLA
CUMMIN SEEDS - ZEERA,MURG CHOWLA
CUMMIN POWDER - ZEERA,MURG CHOWLA
CORIANDER POWDER - DHANIA,MURG CHOWLA
TURMERIC POWDER - HALDI,MURG CHOWLA
GARAM MASALA POWDER,MURG CHOWLA
SALT,CHICKEN KORMA
CHICKEN KARAHI CUT MEAT,CHICKEN KORMA
 DAHI CURD,CHICKEN KORMA
ONION BIRISTA,CHICKEN KORMA
GARAM MASALA WHOLE,CHICKEN KORMA
CUMMIN SEEDS - ZEERA,CHICKEN KORMA
KORMA MASALA,CHICKEN KORMA
CHICKEN POWDER,CHICKEN KORMA
GINGER PASTE  ADRAK PASTE,CHICKEN KORMA
GARLIC PASTE  LEHSAN PASTE,CHICKEN KORMA
EVA (Cooking Oil  liter Pkt),CHICKEN KORMA
Tez Pattak,CHICKEN KORMA
CORIANDER POWDER - DHANIA,CHICKEN KORMA
SALT,ALOOW TARKAR SLICE 
RED POTATO - LAL ALOO,ALOOW TARKAR SLICE 
ONION,ALOOW TARKAR SLICE 
TOMATO,ALOOW TARKAR SLICE 
CUMMIN SEEDS - ZEERA,ALOOW TARKAR SLICE 
CUMMIN POWDER - ZEERA,ALOOW TARKAR SLICE 
EVA (Cooking Oil  liter Pkt),ALOOW TARKAR SLICE 
CORIANDER POWDER - DHANIA,ALOOW TARKAR SLICE 
TURMERIC POWDER - HALDI,ALOOW TARKAR SLICE 
CHICKEN POWDER,ALOOW TARKAR SLICE 
CORIANDER - KOTHMIR DHANIA,ALOOW TARKAR SLICE 
GINGER PASTE  ADRAK PASTE,ALOOW TARKAR SLICE 
GARLIC PASTE  LEHSAN PASTE,ALOOW TARKAR SLICE 
SALT,BEEF SANDWICH
Beef Mince,BEEF SANDWICH
BREAD SLICE LARGE,BEEF SANDWICH
EVA (Cooking Oil  liter Pkt),BEEF SANDWICH
GARLIC PASTE  LEHSAN PASTE,BEEF SANDWICH
GINGER PASTE  ADRAK PASTE,BEEF SANDWICH
BUTTER,BEEF SANDWICH
CUMMIN SEEDS - ZEERA,BEEF SANDWICH
CHICKEN POWDER,BEEF SANDWICH
BLACK PEPPER POWDER,BEEF SANDWICH
WHITE PEPPER POWDER,BEEF SANDWICH
Mayonnaise,BEEF SANDWICH
SALT,CHICKEN MALAI BOTI 
CHICKEN BONELESS,CHICKEN MALAI BOTI 
Cream Nestle pkt,CHICKEN MALAI BOTI 
GINGER PASTE  ADRAK PASTE,CHICKEN MALAI BOTI 
GARLIC PASTE  LEHSAN PASTE,CHICKEN MALAI BOTI 
APPLE,MIX FRUIT SALAD
BANANA,MIX FRUIT SALAD
CUCUMBER - KEHRA,MIX FRUIT SALAD
SULTANA KISHMISH (WHITE),MIX FRUIT SALAD
Cream Nestle pkt,MIX FRUIT SALAD
CHAT MASALA,MIX FRUIT SALAD
CUMMIN SEEDS - ZEERA,MIX FRUIT SALAD
SALT,MIX FRUIT SALAD
SALT,BARTU
BLACK PEPPER POWDER,BARTU
WHITE PEPPER POWDER,BARTU
EVA (Cooking Oil  liter Pkt),BARTU
 DAHI CURD,BARTU
SPRING ONION - LILY PIYAZ,BARTU
BRINJAL - BENGAN,BARTU
RED POTATO - LAL ALOO,BARTU
CUMMIN SEEDS - ZEERA,RAITA
CUMMIN POWDER - ZEERA,RAITA
BLACK PEPPER POWDER,RAITA
WHITE PEPPER POWDER,RAITA
SALT,RAITA
 DAHI CURD,RAITA
SALT,PAKORA
BESAN,PAKORA
TURMERIC POWDER - HALDI,PAKORA
CORIANDER SEEDS - DHANIA,PAKORA
CUMMIN SEEDS - ZEERA,PAKORA
CUMMIN POWDER - ZEERA,PAKORA
CORIANDER - KOTHMIR DHANIA,PAKORA
PODINA MINT LEAVES,PAKORA
PLAIN SODA (500ML),PAKORA
CORIANDER POWDER - DHANIA,PAKORA
EVA (Cooking Oil  liter Pkt),PAKORA
GARLIC PASTE  LEHSAN PASTE,PAKORA
GINGER PASTE  ADRAK PASTE,PAKORA
ONION,PAKORA
RED POTATO - LAL ALOO,PAKORA
APPLE,FRESH MIX FRUIT
BANANA,FRESH MIX FRUIT
SWEET MELON,FRESH MIX FRUIT
GRAPES GREEN,FRESH MIX FRUIT
GRAPE FRUIT,FRESH MIX FRUIT
POMEGRANATE,FRESH MIX FRUIT
SALT,CHICKEN STEAK
CHICKEN BONELESS,CHICKEN STEAK
CUMMIN SEEDS - ZEERA,CHICKEN STEAK
CHICKEN POWDER,CHICKEN STEAK
BLACK PEPPER POWDER,CHICKEN STEAK
WHITE PEPPER POWDER,CHICKEN STEAK
RED POTATO - LAL ALOO,CHICKEN STEAK
FRENCH BEANS - FANSI,CHICKEN STEAK
CARROT - GAJAR,CHICKEN STEAK
SPRING ONION - LILY PIYAZ,CHICKEN STEAK
GOL DUDHI KADDUV,CHICKEN STEAK
BREAD SLICE LARGE,CHICKEN SANDWICH
CHICKEN BONELESS,CHICKEN SANDWICH
CUMMIN SEEDS - ZEERA,CHICKEN SANDWICH
CHICKEN POWDER,CHICKEN SANDWICH
SALT,CHICKEN SANDWICH
WHITE PEPPER POWDER,CHICKEN SANDWICH
EVA (Cooking Oil  liter Pkt),CHICKEN SANDWICH
CUCUMBER - KEHRA,CHICKEN SANDWICH
TOMATO,CHICKEN SANDWICH
MAYONAISE PLAIN,CHICKEN SANDWICH
BLACK PEPPER POWDER,CHICKEN SANDWICH
GINGER PASTE  ADRAK PASTE,CHICKEN SANDWICH
GARLIC PASTE  LEHSAN PASTE,CHICKEN SANDWICH
CHEESE SLICE,CHICKEN SANDWICH
TURMERIC POWDER - HALDI,CHICKEN SANDWICH
TOMATO KETCHUP,CHICKEN SANDWICH
SALT,CHICKEN TIKKA PCS
CHICKEN KARAHI CUT MEAT,CHICKEN TIKKA PCS
GINGER PASTE  ADRAK PASTE,CHICKEN TIKKA PCS
GARLIC PASTE  LEHSAN PASTE,CHICKEN TIKKA PCS
CUMMIN SEEDS - ZEERA,CHICKEN TIKKA PCS
TURMERIC POWDER - HALDI,CHICKEN TIKKA PCS
CHICKEN POWDER,CHICKEN TIKKA PCS
EVA (Cooking Oil  liter Pkt),CHICKEN TIKKA PCS
SALT,CHICKEN NECK SOUP
CHICKEN NECK,CHICKEN NECK SOUP
CHICKEN CUBES (51 GRMS),CHICKEN NECK SOUP
CHICKEN POWDER,CHICKEN NECK SOUP
GREEN CHILLIES SMALL PASTE CHOTI MIRCH,CHICKEN NECK SOUP
BLACK PEPPER POWDER,CHICKEN NECK SOUP
WHITE PEPPER POWDER,CHICKEN NECK SOUP
VINEGAR,CHICKEN NECK SOUP
3,CHICKEN NECK SOUP
 DAHI CURD,BOILED POTATO SALAD
BLACK PEPPER POWDER,BOILED POTATO SALAD
WHITE PEPPER POWDER,BOILED POTATO SALAD
RAI - MUSTARD WHOLE,BOILED POTATO SALAD
SALT,BOILED POTATO SALAD
RED POTATO - LAL ALOO,BOILED POTATO SALAD
SALT,MIX SALAD
CUCUMBER - KEHRA,MIX SALAD
TOMATO,MIX SALAD
CARROT - GAJAR,MIX SALAD
BEETROOT,MIX SALAD
WHITE PEPPER POWDER,MIX SALAD
VINEGAR,MIX SALAD
SALT,OLD CHICKEN BURGER OLD 
RED POTATO - LAL ALOO,OLD CHICKEN BURGER OLD 
CHICKEN QEEMA,OLD CHICKEN BURGER OLD 
CUMMIN SEEDS - ZEERA,OLD CHICKEN BURGER OLD 
CUMMIN POWDER - ZEERA,OLD CHICKEN BURGER OLD 
TURMERIC POWDER - HALDI,OLD CHICKEN BURGER OLD 
WHITE PEPPER POWDER,OLD CHICKEN BURGER OLD 
LONG BUN,OLD CHICKEN BURGER OLD 
CHEESE SLICE,OLD CHICKEN BURGER OLD 
CORIANDER POWDER - DHANIA,OLD CHICKEN BURGER OLD 
CHICKEN POWDER,OLD CHICKEN BURGER OLD 
EVA (Cooking Oil  liter Pkt),OLD CHICKEN BURGER OLD 
GINGER PASTE  ADRAK PASTE,OLD CHICKEN BURGER OLD 
GARLIC PASTE  LEHSAN PASTE,OLD CHICKEN BURGER OLD 
BLACK PEPPER POWDER,OLD CHICKEN BURGER OLD 
SALT,KITCHRI VAGHRELI
BASMATI RICE,KITCHRI VAGHRELI
ONION,KITCHRI VAGHRELI
GARLIC - LEHSAN,KITCHRI VAGHRELI
BHAJIA CHILLIES - BIG PAKORA MIRCH,KITCHRI VAGHRELI
EVA (Cooking Oil  liter Pkt),KITCHRI VAGHRELI
MOONG DAAL YELLOW,KITCHRI VAGHRELI
CUMMIN SEEDS - ZEERA,KITCHRI VAGHRELI
GARAM MASALA POWDER,KITCHRI VAGHRELI
CORIANDER POWDER - DHANIA,KITCHRI VAGHRELI
TOMATO,KITCHRI VAGHRELI
SALT,CHEESE SANDWICH
BREAD SLICE LARGE,CHEESE SANDWICH
CHEESE SLICE,CHEESE SANDWICH
BUTTER,CHEESE SANDWICH
BLACK PEPPER POWDER,CHEESE SANDWICH
WHITE PEPPER POWDER,CHEESE SANDWICH
CHICKEN POWDER,VEGETABLE CLEAR SOUP
CARROT - GAJAR,VEGETABLE CLEAR SOUP
CAULIFLOWER - GOBI,VEGETABLE CLEAR SOUP
SALT,VEGETABLE CLEAR SOUP
MAIDA,VEGETABLE CLEAR SOUP
Tinda,VEGETABLE CLEAR SOUP
Gawar Phalli,VEGETABLE CLEAR SOUP
SALT,BEEF NIHARI
BEEF MEAT,BEEF NIHARI
SHAN NIHARI MASALA ,BEEF NIHARI
CUMMIN SEEDS - ZEERA,BEEF NIHARI
SUNT - GINGER ADRAK POWDER,BEEF NIHARI
CHICKEN POWDER,BEEF NIHARI
GINGER - ADRAK,BEEF NIHARI
LEMON,BEEF NIHARI
CORIANDER - KOTHMIR DHANIA,BEEF NIHARI
ATTA,BEEF NIHARI
EVA (Cooking Oil  liter Pkt),BEEF NIHARI
CUMMIN POWDER - ZEERA,BEEF NIHARI
CORIANDER POWDER - DHANIA,BEEF NIHARI
TURMERIC POWDER - HALDI,BEEF NIHARI
GINGER PASTE  ADRAK PASTE,BEEF NIHARI
GARLIC PASTE  LEHSAN PASTE,BEEF NIHARI
CHAT MASALA,BEEF NIHARI
SALT,CABBAGE SALAD COLE SLAW
CABBAGE BAND GOBI,CABBAGE SALAD COLE SLAW
MAYONAISE PLAIN,CABBAGE SALAD COLE SLAW
WHITE PEPPER POWDER,CABBAGE SALAD COLE SLAW
Cream Nestle pkt,CABBAGE SALAD COLE SLAW
BLACK PEPPER POWDER,CABBAGE SALAD COLE SLAW
SALT,CHICKEN KABAB TARKARI
CHICKEN MINCE,CHICKEN KABAB TARKARI
 DAHI CURD,CHICKEN KABAB TARKARI
EVA (Cooking Oil  liter Pkt),CHICKEN KABAB TARKARI
TOMATO,CHICKEN KABAB TARKARI
ONION,CHICKEN KABAB TARKARI
GREEN CHILLIES SMALL PASTE CHOTI MIRCH,CHICKEN KABAB TARKARI
CORIANDER - KOTHMIR DHANIA,CHICKEN KABAB TARKARI
GINGER - ADRAK,CHICKEN KABAB TARKARI
ONION BIRISTA,CHICKEN KABAB TARKARI
CUMMIN SEEDS - ZEERA,CHICKEN KABAB TARKARI
TURMERIC POWDER - HALDI,CHICKEN KABAB TARKARI
CUMMIN POWDER - ZEERA,CHICKEN KABAB TARKARI
CORIANDER POWDER - DHANIA,CHICKEN KABAB TARKARI
GINGER PASTE  ADRAK PASTE,CHICKEN KABAB TARKARI
GARLIC PASTE  LEHSAN PASTE,CHICKEN KABAB TARKARI
SALT,Chicken Kari
CHICKEN KARAHI CUT MEAT,Chicken Kari
EVA (Cooking Oil  liter Pkt),Chicken Kari
KARI MASALA,Chicken Kari
Coconut Cream Powder,Chicken Kari
CUMMIN SEEDS - ZEERA,Chicken Kari
SAUF FENNEL SAUF POWDER,Chicken Kari
CHAT MASALA,Chicken Kari
 DAHI CURD,Chicken Kari
Badiyan,Chicken Kari
COCONUT POWDER KHOPRRA,Chicken Kari
Kajju,Chicken Kari
GARAM MASALA WHOLE,Chicken Kari
TURMERIC POWDER - HALDI,Chicken Kari
CUMMIN POWDER - ZEERA,Chicken Kari
CORIANDER POWDER - DHANIA,Chicken Kari
CHICKEN POWDER,Chicken Kari
GINGER PASTE  ADRAK PASTE,Chicken Kari
GARLIC PASTE  LEHSAN PASTE,Chicken Kari
ONION,Chicken Kari
BANANA,BANANA MILK SHAKE
Fresh Milk,BANANA MILK SHAKE
WHITE SUGAR,BANANA MILK SHAKE
EGG ,SWEET & SOUR SHASLAC
EVA (Cooking Oil  liter Pkt),SWEET & SOUR SHASLAC
CHILLI SAUCE,SWEET & SOUR SHASLAC
SOYA SAUCE (750 ml),SWEET & SOUR SHASLAC
MATTAR PEAS,SWEET & SOUR SHASLAC
GINGER - ADRAK,SWEET & SOUR SHASLAC
GARLIC - LEHSAN,SWEET & SOUR SHASLAC
CARROT - GAJAR,SWEET & SOUR SHASLAC
TOMATO KETCHUP,SWEET & SOUR SHASLAC
WHITE PEPPER POWDER,SWEET & SOUR SHASLAC
BABY CORN,SWEET & SOUR SHASLAC
MAIDA,SWEET & SOUR SHASLAC
SALT,SWEET & SOUR SHASLAC
CHICKEN BONELESS,SWEET & SOUR SHASLAC
GREEN CAPSICUM,SWEET & SOUR SHASLAC
ONION,SWEET & SOUR SHASLAC
CARROT - GAJAR,GAJJAR AND BEETROOT
BEETROOT,GAJJAR AND BEETROOT
SALT,DAHI KACHUMBAR
 DAHI CURD,DAHI KACHUMBAR
CUCUMBER - KEHRA,DAHI KACHUMBAR
TOMATO,DAHI KACHUMBAR
BLACK PEPPER POWDER,DAHI KACHUMBAR
WHITE PEPPER POWDER,DAHI KACHUMBAR
CUMMIN POWDER - ZEERA,DAHI KACHUMBAR
SALT,"MIX VEGETABLE CHULAI, PALAK, METHI"
PALAK,"MIX VEGETABLE CHULAI, PALAK, METHI"
CHOLAI BAJI AMARANTH LEVES,"MIX VEGETABLE CHULAI, PALAK, METHI"
METHI BHAJI - FENUGREEK,"MIX VEGETABLE CHULAI, PALAK, METHI"
EVA (Cooking Oil  liter Pkt),"MIX VEGETABLE CHULAI, PALAK, METHI"
CUMMIN SEEDS - ZEERA,"MIX VEGETABLE CHULAI, PALAK, METHI"
GINGER PASTE  ADRAK PASTE,"MIX VEGETABLE CHULAI, PALAK, METHI"
GARLIC PASTE  LEHSAN PASTE,"MIX VEGETABLE CHULAI, PALAK, METHI"
CHICKEN POWDER,"MIX VEGETABLE CHULAI, PALAK, METHI"
CUMMIN POWDER - ZEERA,"MIX VEGETABLE CHULAI, PALAK, METHI"
TURMERIC POWDER - HALDI,"MIX VEGETABLE CHULAI, PALAK, METHI"
CORIANDER POWDER - DHANIA,"MIX VEGETABLE CHULAI, PALAK, METHI"
ONION,"MIX VEGETABLE CHULAI, PALAK, METHI"
TOMATO,"MIX VEGETABLE CHULAI, PALAK, METHI"
GARAM MASALA POWDER,"MIX VEGETABLE CHULAI, PALAK, METHI"
CARROT - GAJAR,GAJJAR ONLY PLAIN 
CABBAGE BAND GOBI,CABBAGE SALAD WITH VINGER
VINEGAR,CABBAGE SALAD WITH VINGER
BLACK PEPPER POWDER,CABBAGE SALAD WITH VINGER
ICEBERG,ICEBERG GREEN SALAD
CUCUMBER - KEHRA,ICEBERG GREEN SALAD
FRENCH BEANS - FANSI,ICEBERG GREEN SALAD
MATTAR PEAS,ICEBERG GREEN SALAD
VINEGAR,ICEBERG GREEN SALAD
BLACK PEPPER POWDER,ICEBERG GREEN SALAD
WHITE PEPPER POWDER,ICEBERG GREEN SALAD
SALT,ALOO DAHI SALAD
GINGER PASTE  ADRAK PASTE,ALOO DAHI SALAD
GARLIC PASTE  LEHSAN PASTE,ALOO DAHI SALAD
CUMMIN SEEDS - ZEERA,ALOO DAHI SALAD
CHICKEN POWDER,ALOO DAHI SALAD
CHAT MASALA,ALOO DAHI SALAD
BLACK PEPPER POWDER,ALOO DAHI SALAD
WHITE PEPPER POWDER,ALOO DAHI SALAD
RED POTATO - LAL ALOO,ALOO DAHI SALAD
 DAHI CURD,ALOO DAHI SALAD
SALT,MACRONI SALAD
MACARONI,MACRONI SALAD
CHICKEN BONELESS,MACRONI SALAD
Cream Nestle pkt,MACRONI SALAD
 DAHI CURD,MACRONI SALAD
MAYONAISE PLAIN,MACRONI SALAD
BLACK PEPPER POWDER,MACRONI SALAD
WHITE PEPPER POWDER,MACRONI SALAD
SALT,CUTLUS
CHICKEN QEEMA,CUTLUS
BREAD CRUMS,CUTLUS
EGG ,CUTLUS
CUMMIN POWDER - ZEERA,CUTLUS
CORIANDER POWDER - DHANIA,CUTLUS
EVA (Cooking Oil  liter Pkt),CUTLUS
CHICKEN POWDER,CUTLUS
WHITE PEPPER POWDER,CUTLUS
GINGER PASTE  ADRAK PASTE,CUTLUS
GARLIC PASTE  LEHSAN PASTE,CUTLUS
CORIANDER - KOTHMIR DHANIA,CUTLUS
Karak Bread,CUTLUS
BREAD SLICE LARGE,CHICKEN SANDWICH READY
CHICKEN MAYONIESE,CHICKEN SANDWICH READY
TOMATO,CHICKEN SANDWICH READY
CORIANDER POWDER - DHANIA,CHICKEN QEEMA KABAB DRY
BREAD CRUMS,CHICKEN QEEMA KABAB DRY
EGG ,CHICKEN QEEMA KABAB DRY
RED POTATO - LAL ALOO,CHICKEN QEEMA KABAB DRY
CHICKEN QEEMA,CHICKEN QEEMA KABAB DRY
GARLIC PASTE  LEHSAN PASTE,CHICKEN QEEMA KABAB DRY
GINGER PASTE  ADRAK PASTE,CHICKEN QEEMA KABAB DRY
CUMMIN SEEDS - ZEERA,CHICKEN QEEMA KABAB DRY
CUMMIN POWDER - ZEERA,CHICKEN QEEMA KABAB DRY
TURMERIC POWDER - HALDI,CHICKEN QEEMA KABAB DRY
SALT,CHICKEN QEEMA KABAB DRY
EVA (Cooking Oil  liter Pkt),CHICKEN QEEMA KABAB DRY
SALT,MOONG PULAWO MUG PULAWO
GREEN GRAM WHOLE - MOONG DAAL,MOONG PULAWO MUG PULAWO
BASMATI RICE,MOONG PULAWO MUG PULAWO
TOMATO,MOONG PULAWO MUG PULAWO
 DAHI CURD,MOONG PULAWO MUG PULAWO
CORIANDER - KOTHMIR DHANIA,MOONG PULAWO MUG PULAWO
POTATO (BIG SIZE),MOONG PULAWO MUG PULAWO
EVA (Cooking Oil  liter Pkt),MOONG PULAWO MUG PULAWO
007 BIRYANI MASALA,MOONG PULAWO MUG PULAWO
SUNT - GINGER ADRAK POWDER,MOONG PULAWO MUG PULAWO
CHAT MASALA,MOONG PULAWO MUG PULAWO
PODINA MINT LEAVES,MOONG PULAWO MUG PULAWO
CUMMIN SEEDS - ZEERA,MOONG PULAWO MUG PULAWO
CUMMIN POWDER - ZEERA,MOONG PULAWO MUG PULAWO
CORIANDER POWDER - DHANIA,MOONG PULAWO MUG PULAWO
TURMERIC POWDER - HALDI,MOONG PULAWO MUG PULAWO
CHICKEN POWDER,MOONG PULAWO MUG PULAWO
SALT,Chicken Qeema w/ Aloo (New)
CHICKEN QEEMA,Chicken Qeema w/ Aloo (New)
 DAHI CURD,Chicken Qeema w/ Aloo (New)
CUMMIN SEEDS - ZEERA,Chicken Qeema w/ Aloo (New)
CUMMIN POWDER - ZEERA,Chicken Qeema w/ Aloo (New)
TURMERIC POWDER - HALDI,Chicken Qeema w/ Aloo (New)
CORIANDER - KOTHMIR DHANIA,Chicken Qeema w/ Aloo (New)
GINGER PASTE  ADRAK PASTE,Chicken Qeema w/ Aloo (New)
GARLIC PASTE  LEHSAN PASTE,Chicken Qeema w/ Aloo (New)
CHICKEN POWDER,Chicken Qeema w/ Aloo (New)
QEEMA MASALA,Chicken Qeema w/ Aloo (New)
ONION,Chicken Qeema w/ Aloo (New)
RED POTATO - LAL ALOO,Chicken Qeema w/ Aloo (New)
TOMATO,Chicken Qeema w/ Aloo (New)
EVA (Cooking Oil  liter Pkt),Chicken Qeema w/ Aloo (New)
SALT,CHICKEN ROTI ROLL
CHICKEN BONELESS,CHICKEN ROTI ROLL
MAYONAISE PLAIN,CHICKEN ROTI ROLL
TOMATO KETCHUP,CHICKEN ROTI ROLL
ICEBERG,CHICKEN ROTI ROLL
EVA (Cooking Oil  liter Pkt),CHICKEN ROTI ROLL
EGG ,CHICKEN ROTI ROLL
TIKKA MASALA,CHICKEN ROTI ROLL
CHICKEN POWDER,CHICKEN ROTI ROLL
HOME MADE ROTI,CHICKEN ROTI ROLL
CUMMIN SEEDS - ZEERA,CHICKEN ROTI ROLL
GINGER PASTE  ADRAK PASTE,CHICKEN ROTI ROLL
GARLIC PASTE  LEHSAN PASTE,CHICKEN ROTI ROLL
SALT,TOSTED VEGETABLE SANDWICH
EVA (Cooking Oil  liter Pkt),TOSTED VEGETABLE SANDWICH
ONION,TOSTED VEGETABLE SANDWICH
CABBAGE BAND GOBI,TOSTED VEGETABLE SANDWICH
CORIANDER - KOTHMIR DHANIA,TOSTED VEGETABLE SANDWICH
CARROT - GAJAR,TOSTED VEGETABLE SANDWICH
RED POTATO - LAL ALOO,TOSTED VEGETABLE SANDWICH
VEGETABLE MASALA,TOSTED VEGETABLE SANDWICH
GARLIC PASTE  LEHSAN PASTE,TOSTED VEGETABLE SANDWICH
GINGER PASTE  ADRAK PASTE,TOSTED VEGETABLE SANDWICH
BREAD SLICE LARGE,TOSTED VEGETABLE SANDWICH
VEGETABLE MASALA,Toasted Veg Sandwich w/ Potato
LARGE BREAD,Toasted Veg Sandwich w/ Potato
TOMATO,Toasted Veg Sandwich w/ Potato
POTATO (BIG SIZE),Toasted Veg Sandwich w/ Potato
CORIANDER - KOTHMIR DHANIA,Toasted Veg Sandwich w/ Potato
BUTTER,Toasted Veg Sandwich w/ Potato
GINGER PASTE  ADRAK PASTE,Toasted Veg Sandwich w/ Potato
GARLIC PASTE  LEHSAN PASTE,Toasted Veg Sandwich w/ Potato
CHAT MASALA,Toasted Veg Sandwich w/ Potato
CUMMIN SEEDS - ZEERA,Toasted Veg Sandwich w/ Potato
CORIANDER POWDER - DHANIA,Toasted Veg Sandwich w/ Potato
SAUF FENNEL SAUF POWDER,Toasted Veg Sandwich w/ Potato
TURMERIC POWDER - HALDI,Toasted Veg Sandwich w/ Potato
EVA (Cooking Oil  liter Pkt),Toasted Veg Sandwich w/ Potato
CHEESE - MOZARELLA,Toasted Veg Sandwich w/ Potato
SALT,Toasted Veg Sandwich w/ Potato
CHICKEN POWDER,Toasted Veg Sandwich w/ Potato
WHITE PEPPER POWDER,Toasted Veg Sandwich w/ Potato
BLACK PEPPER POWDER,Toasted Veg Sandwich w/ Potato
CUMMIN POWDER - ZEERA,Toasted Veg Sandwich w/ Potato
SALT,CHICKEN ROTI ROLL
CHICKEN BONELESS,CHICKEN ROTI ROLL
EVA (Cooking Oil  liter Pkt),CHICKEN ROTI ROLL
GARLIC PASTE  LEHSAN PASTE,CHICKEN ROTI ROLL
GINGER PASTE  ADRAK PASTE,CHICKEN ROTI ROLL
MAYONAISE PLAIN,CHICKEN ROTI ROLL
TOMATO KETCHUP,CHICKEN ROTI ROLL
TIKKA MASALA,CHICKEN ROTI ROLL
ICEBERG,CHICKEN ROTI ROLL
HOME MADE WHEAT ROTI,CHICKEN ROTI ROLL
SALT,VEGETABLE SANDWICH
TOMATO,VEGETABLE SANDWICH
ONION,VEGETABLE SANDWICH
RED POTATO - LAL ALOO,VEGETABLE SANDWICH
CORIANDER - KOTHMIR DHANIA,VEGETABLE SANDWICH
PODINA MINT LEAVES,VEGETABLE SANDWICH
VEGETABLE MASALA,VEGETABLE SANDWICH
GINGER PASTE  ADRAK PASTE,VEGETABLE SANDWICH
GARLIC PASTE  LEHSAN PASTE,VEGETABLE SANDWICH
LARGE BREAD,VEGETABLE SANDWICH
TOMATO KETCHUP,VEGETABLE SANDWICH
 DAHI CURD,VEGETABLE SANDWICH
SALT,CHICKEN BURGER
CHICKEN QEEMA,CHICKEN BURGER
EGG ,CHICKEN BURGER
EVA (Cooking Oil  liter Pkt),CHICKEN BURGER
GINGER PASTE  ADRAK PASTE,CHICKEN BURGER
GARLIC PASTE  LEHSAN PASTE,CHICKEN BURGER
MUSTARD POWDER,CHICKEN BURGER
VEGETABLE MASALA,CHICKEN BURGER
LARGE BREAD,CHICKEN BURGER
ONION,CHICKEN BURGER
CUMMIN POWDER - ZEERA,CHICKEN BURGER
BLACK PEPPER POWDER,CHICKEN BURGER
WHITE PEPPER POWDER,CHICKEN BURGER
BURGER BUN,CHICKEN BURGER
SALAD PATTA,CHICKEN BURGER
BREAD CRUMS,CHICKEN BURGER
SALT,CHICKEN CHATNI ROTI ROLL
GARLIC PASTE  LEHSAN PASTE,CHICKEN CHATNI ROTI ROLL
TIKKA MASALA,CHICKEN CHATNI ROTI ROLL
 DAHI CURD,CHICKEN CHATNI ROTI ROLL
COCONUT POWDER KHOPRRA,CHICKEN CHATNI ROTI ROLL
Kajju,CHICKEN CHATNI ROTI ROLL
HOME MADE WHEAT ROTI,CHICKEN CHATNI ROTI ROLL
CHICKEN BONELESS,CHICKEN CHATNI ROTI ROLL
ICEBERG,CHICKEN CHATNI ROTI ROLL
CORIANDER - KOTHMIR DHANIA,CHICKEN CHATNI ROTI ROLL
PODINA MINT LEAVES,CHICKEN CHATNI ROTI ROLL
TAMARIND - AAMLI,CHICKEN CHATNI ROTI ROLL
GINGER PASTE  ADRAK PASTE,CHICKEN CHATNI ROTI ROLL
CHICKEN POWDER,Club Sandwich
EVA (Cooking Oil  liter Pkt),Club Sandwich
TIKKA MASALA,Club Sandwich
LARGE BREAD,Club Sandwich
WHITE PEPPER POWDER,Club Sandwich
BLACK PEPPER POWDER,Club Sandwich
CHICKEN BONELESS,Club Sandwich
EGG ,Club Sandwich
SALT,Club Sandwich
Mayonnaise,Club Sandwich
BUTTER,Club Sandwich
CHEESE - MOZARELLA,Club Sandwich
SALT,LONG BUN SANDWICH
CHICKEN BONELESS,LONG BUN SANDWICH
TOMATO,LONG BUN SANDWICH
CUCUMBER - KEHRA,LONG BUN SANDWICH
SALAD PATTA,LONG BUN SANDWICH
EGG ,LONG BUN SANDWICH
LONG BUN,LONG BUN SANDWICH
TOMATO KETCHUP,LONG BUN SANDWICH
TIKKA MASALA,LONG BUN SANDWICH
EVA (Cooking Oil  liter Pkt),LONG BUN SANDWICH
GINGER PASTE  ADRAK PASTE,LONG BUN SANDWICH
GARLIC PASTE  LEHSAN PASTE,LONG BUN SANDWICH
CHICKEN POWDER,LONG BUN SANDWICH
LARGE BREAD,Veg Sandwich w/ Butter (New) (Monday)
BUTTER,Veg Sandwich w/ Butter (New) (Monday)
TOMATO,Veg Sandwich w/ Butter (New) (Monday)
CUCUMBER - KEHRA,Veg Sandwich w/ Butter (New) (Monday)
SALT,Veg Sandwich w/ Butter (New) (Monday)
BLACK PEPPER POWDER,Veg Sandwich w/ Butter (New) (Monday)
WHITE PEPPER POWDER,Veg Sandwich w/ Butter (New) (Monday)
SALAD PATTA,Veg Sandwich w/ Butter (New) (Monday)
CHEESE - MOZARELLA,Veg Sandwich w/ Butter (New) (Monday)
MUTTON MINCE,Mutton Frankie Roti Roll
EGG ,Mutton Frankie Roti Roll
HOME MADE WHEAT ROTI,Mutton Frankie Roti Roll
EVA (Cooking Oil  liter Pkt),Mutton Frankie Roti Roll
GINGER PASTE  ADRAK PASTE,Mutton Frankie Roti Roll
GARLIC PASTE  LEHSAN PASTE,Mutton Frankie Roti Roll
SALAD PATTA,Mutton Frankie Roti Roll
MAYONAISE PLAIN,Mutton Frankie Roti Roll
CORIANDER POWDER - DHANIA,Mutton Frankie Roti Roll
CUMMIN POWDER - ZEERA,Mutton Frankie Roti Roll
CUMMIN SEEDS - ZEERA,Mutton Frankie Roti Roll
TURMERIC POWDER - HALDI,Mutton Frankie Roti Roll
CHICKEN POWDER,Mutton Frankie Roti Roll
TIKKA MASALA,Mutton Frankie Roti Roll
CHICKEN BONELESS,Chicken Clear Soup
CHICKEN POWDER,Chicken Clear Soup
SALT,Chicken Clear Soup
CORN FLOUR ,Chicken Clear Soup
007 BIRYANI MASALA,Mag Pulaw
CUMMIN POWDER - ZEERA,Mag Pulaw
CUMMIN SEEDS - ZEERA,Mag Pulaw
CORIANDER POWDER - DHANIA,Mag Pulaw
TURMERIC POWDER - HALDI,Mag Pulaw
SALT,Mag Pulaw
SUNT - GINGER ADRAK POWDER,Mag Pulaw
CHAT MASALA,Mag Pulaw
CHICKEN POWDER,Mag Pulaw
EVA (Cooking Oil  liter Pkt),Mag Pulaw
MOONG DAAL YELLOW,Mag Pulaw
GREEN CAPSICUM,Kashmiri Soup
MAIDA,Kashmiri Soup
EVA (Cooking Oil  liter Pkt),Kashmiri Soup
CHICKEN POWDER,Kashmiri Soup
SALT,Kashmiri Soup
MAIDA,Tomato Ketchup Soup
EVA (Cooking Oil  liter Pkt),Tomato Ketchup Soup
CHILLI SAUCE,Tomato Ketchup Soup
EGG ,Tomato Ketchup Soup
Cream Nestle pkt,Tomato Ketchup Soup
TOMATO KETCHUP,Tomato Ketchup Soup
WHITE PEPPER POWDER,Tomato Ketchup Soup
BLACK PEPPER POWDER,Tomato Ketchup Soup
CHICKEN POWDER,Tomato Ketchup Soup
SALT,Tomato Ketchup Soup
SAUF FENNEL SAUF POWDER,Mutton Kaari
CHICKEN POWDER,Mutton Kaari
COCONUT POWDER KHOPRRA,Mutton Kaari
Badiyan,Mutton Kaari
CUMMIN SEEDS - ZEERA,Mutton Kaari
CHAT MASALA,Mutton Kaari
SALT,Mutton Kaari
GARLIC PASTE  LEHSAN PASTE,Mutton Kaari
GINGER PASTE  ADRAK PASTE,Mutton Kaari
TURMERIC POWDER - HALDI,Mutton Kaari
Cream Nestle pkt,Mutton Kaari
Kajju,Mutton Kaari
TAMARIND - AAMLI,Mutton Kaari
EVA (Cooking Oil  liter Pkt),Mutton Kaari
CUMMIN POWDER - ZEERA,Mutton Kaari
CORIANDER POWDER - DHANIA,Mutton Kaari
KARI MASALA,Mutton Kaari
MUTTON BOTI CUT,Mutton Kaari
Coconut Cream Powder,Mutton Kaari
Jalapeno,Jalapeno Cheese Fingers
BUTTER,Jalapeno Cheese Fingers
BI-CARBONATE OF SODA (100 grm),Jalapeno Cheese Fingers
SALT,Jalapeno Cheese Fingers
Buttermilk,Jalapeno Cheese Fingers
EGG,Jalapeno Cheese Fingers
CHEESE - CHEDDAR,Jalapeno Cheese Fingers
SPRING ONION - LILY PIYAZ,Jalapeno Cheese Fingers
Corn Meal,Jalapeno Cheese Fingers
WHITE SUGAR,Jalapeno Cheese Fingers
